Year,Age,n,qx
2019,0,1,0.006087076
2019,1,4,0.001663238
2019,5,5,0.000935
2019,10,5,0.000754
2019,15,5,0.001092744
2019,20,5,0.00151841
2019,25,5,0.001603344
2019,30,5,0.002252798
2019,35,5,0.003398061
2019,40,5,0.005368166
2019,45,5,0.007492525
2019,50,5,0.012641468
2019,55,5,0.02029735
2019,60,5,0.033804737
2019,65,5,0.057220209
2019,70,5,0.104457708
2019,75,5,0.176005106
2019,80,5,0.311833808
2019,85,5,0.465155668
2019,90,5,0.640867539
2019,95,5,1