Year,Age,n,qx
2019,0,1,0.007373067
2019,1,4,0.001815864
2019,5,5,0.001589091
2019,10,5,0.001317916
2019,15,5,0.002398546
2019,20,5,0.003936804
2019,25,5,0.004354191
2019,30,5,0.00608808
2019,35,5,0.008802422
2019,40,5,0.013023413
2019,45,5,0.016921824
2019,50,5,0.026260436
2019,55,5,0.040246356
2019,60,5,0.063290524
2019,65,5,0.099344948
2019,70,5,0.172290855
2019,75,5,0.272699889
2019,80,5,0.445088717
2019,85,5,0.719870585
2019,90,5,0.829211978
2019,95,5,1